time,x,x_dot,theta,theta_dot,torque
0.0,0.0058012004,1.3420625,2.763777,2.6766434,1334.9342
0.005,0.009823752,1.6590035,2.7732458,3.6614935,298.2041
0.01,0.01317778,1.6586865,2.7806506,3.6635585,9.765015
0.015,0.016377501,1.576004,2.787581,3.4087439,-16.850952
0.02,0.01963325,1.5940291,2.7946935,3.4679997,24.39795
0.025,0.022709507,1.5152876,2.8012505,3.224064,-15.917358
0.03,0.025840322,1.5325202,2.8079855,3.280983,23.57788
0.035,0.028800856,1.4586487,2.8141906,3.0510967,-14.769897
0.04,0.03181199,1.4743345,2.820562,3.103263,22.131958
0.045,0.03466306,1.405039,2.8264332,2.8867414,-13.6866455
0.05,0.03756096,1.4192615,2.8324587,2.9343674,20.779053
0.055,0.040308546,1.3543202,2.8380132,2.730716,-12.639038
0.06,0.043099284,1.3671358,2.8437104,2.7739375,19.496094
0.065,0.045749083,1.306387,2.8489645,2.5828233,-11.626282
0.07,0.048438303,1.3177984,2.8543496,2.6216123,18.239136
0.075,0.050995685,1.2610884,2.859319,2.4426987,-10.64502
0.08,0.053588755,1.2710974,2.864408,2.477029,17.009155
0.085,0.056058813,1.2182747,2.8691077,2.3099682,-9.692871
0.09,0.058560815,1.2268872,2.873915,2.3398297,15.81073
0.095,0.060948383,1.1778214,2.8783596,2.184321,-8.7630005
0.1,0.06336411,1.1850312,2.8828995,2.2096696,14.636414
0.105,0.06567374,1.1395894,2.8871026,2.0653868,-7.854065
0.11,0.068007745,1.1453978,2.8913891,2.086205,13.494324
0.115,0.07024376,1.1034554,2.8953636,1.9528354,-6.961853
0.12,0.07250037,1.1078622,2.8994093,1.9691035,12.385193
0.125,0.07466687,1.0693089,2.9031682,1.8463677,-6.0802
0.13,0.07685014,1.0723029,2.9069855,1.8580335,11.303711
0.135,0.07895099,1.0370333,2.91054,1.7456588,-5.204712
0.14,0.08106479,1.0386102,2.9141412,1.7526935,10.257202
0.145,0.08310366,1.0065161,2.9175029,1.650387,-4.3328247
0.15,0.08515165,1.0066758,2.9208984,1.6527773,9.250793
0.155,0.087132,0.9776576,2.9240782,1.5602666,-3.458191
0.16,0.08911766,0.9763993,2.9272795,1.5579993,8.28595
0.165,0.09104276,0.9503439,2.9302874,1.4749609,-2.5802612
0.17,0.0929694,0.94769,2.933304,1.4680997,7.3779297
0.17500000000000002,0.09484234,0.9244742,2.9361496,1.3941703,-1.697998
0.18,0.09671315,0.92046905,2.9389923,1.3828521,6.538208
0.185,0.098536775,0.89993316,2.9416845,1.3175446,-0.8198242
0.19,0.10035481,0.8946695,2.9443622,1.3020649,5.789734
0.195,0.10213179,0.87661844,2.9469094,1.2447709,0.042236328
0.2,0.10390004,0.8702405,2.9494317,1.2255969,5.152527
0.20500000000000002,0.10563282,0.85442775,2.9518416,1.1755335,0.86505127
0.21,0.10735417,0.84714186,2.9542177,1.1533371,4.647949
0.215,0.10904495,0.83327293,2.9564972,1.1095607,1.619812
0.22,0.1107222,0.82533485,2.958736,1.0851777,4.2890015
0.225,0.11237301,0.8130906,2.9608915,1.0466591,2.281189
0.23,0.11400883,0.8047702,2.9630013,1.0209749,4.0723267
0.23500000000000001,0.11562154,0.7938388,2.9650388,0.9867046,2.8357544
0.24,0.11721844,0.78538454,2.9670277,0.96053576,3.980713
0.245,0.11879482,0.77548814,2.9689524,0.92961216,3.2842407
0.25,0.12035512,0.76710486,2.9708278,0.9036335,3.9899902
0.255,0.12189687,0.75801903,2.9726455,0.87532747,3.640686
0.26,0.123422705,0.7498479,2.9744143,0.85000616,4.0689697
0.265,0.124931484,0.7414094,2.9761302,0.8237881,3.9273376
0.27,0.1264248,0.7335378,2.9777985,0.799415,4.1920166
0.275,0.12790228,0.72563565,2.9794178,0.7749249,4.165497
0.28,0.12936486,0.7181065,2.9809911,0.75164485,4.3381042
0.28500000000000003,0.13081257,0.71066684,2.982519,0.7286437,4.3712463
0.29,0.13224608,0.7034956,2.9840028,0.7065107,4.493988
0.295,0.13366558,0.6964671,2.9854438,0.68483365,4.5546265
0.3,0.13507153,0.6896536,2.9868433,0.6638504,4.6520996
0.305,0.13646425,0.68300015,2.9882023,0.64338136,4.7225037
0.31,0.13784413,0.6765335,2.989522,0.6235154,4.807068
0.315,0.13921146,0.6702294,2.9908035,0.604173,4.8797607
0.32,0.1405666,0.664094,2.9920475,0.585375,4.9561768
0.325,0.14190988,0.6581185,2.9932556,0.5670934,5.0286255
0.33,0.14324158,0.65229833,2.9944282,0.54931307,5.0991516
0.335,0.14456204,0.6466326,2.9955668,0.53203225,5.1697693
0.34,0.1458715,0.64111096,2.9966722,0.5152168,5.2354126
0.34500000000000003,0.14717029,0.6357355,2.9977453,0.4988744,5.302643
0.35000000000000003,0.14845867,0.6304972,2.9987867,0.4829759,5.3656006
0.355,0.14973693,0.62539786,2.9997976,0.46752682,5.4298096
0.36,0.15100531,0.6204282,3.000779,0.4524977,5.4896545
0.365,0.15226407,0.61558706,3.0017312,0.43788505,5.5492554
0.37,0.15351348,0.6108718,3.0026555,0.4236803,5.6078186
0.375,0.15475374,0.6062759,3.0035524,0.4098629,5.6633606
0.38,0.15598512,0.6017997,3.004423,0.39643353,5.71933
0.385,0.15720782,0.59743667,3.0052674,0.38337106,5.772156
0.39,0.15842208,0.5931869,3.0060868,0.37067664,5.82547
0.395,0.15962812,0.5890443,3.0068817,0.35832986,5.8757324
0.4,0.16082615,0.58500856,3.007653,0.34633058,5.926239
0.405,0.16201636,0.58107364,3.0084014,0.3346589,5.9737244
0.41000000000000003,0.16319898,0.5772383,3.0091271,0.32331073,6.020813
0.41500000000000004,0.16437414,0.57350135,3.0098312,0.31228223,6.067505
0.42,0.1655421,0.56985694,3.0105138,0.3015548,6.1113586
0.425,0.16670299,0.56630665,3.011176,0.2911336,6.156311
0.43,0.16785699,0.5628421,3.0118182,0.28099105,6.1968994
0.435,0.1690043,0.5594671,3.012441,0.27114046,6.239929
0.44,0.17014508,0.5561738,3.0130446,0.2615559,6.278839
0.445,0.1712795,0.5529645,3.01363,0.25224468,6.3191833
0.45,0.17240769,0.54983336,3.0141973,0.24318793,6.3565674
0.455,0.1735298,0.54678017,3.0147474,0.23438542,6.394104
0.46,0.17464602,0.543802,3.0152805,0.22582752,6.4302063
0.465,0.17575645,0.5408972,3.0157971,0.2175085,6.4655457
0.47000000000000003,0.17686127,0.53806335,3.0162978,0.2094209,6.4997864
0.47500000000000003,0.1779606,0.53529876,3.016783,0.20155932,6.5332947
0.48,0.17905459,0.5326011,3.017253,0.19391574,6.565613
0.485,0.18014333,0.5299698,3.0177083,0.18648884,6.59787
0.49,0.181227,0.5274008,3.0181494,0.17926508,6.6279907
0.495,0.18230568,0.52489424,3.0185766,0.17224543,6.6584167
0.5,0.18337949,0.5224473,3.0189905,0.16542034,6.687378
0.505,0.18444856,0.5200581,3.019391,0.15878384,6.715454
0.51,0.185513,0.51772726,3.019779,0.15233824,6.7440796
0.515,0.18657294,0.5154505,3.0201545,0.14606908,6.770355
0.52,0.18762845,0.51322776,3.020518,0.13997644,6.7967834
0.525,0.18867967,0.5110563,3.0208697,0.13405158,6.8218384
0.53,0.18972665,0.5089374,3.0212102,0.12829852,6.8477173
0.535,0.19076952,0.5068659,3.0215394,0.12270047,6.870819
0.54,0.1918084,0.50484395,3.0218582,0.11726464,6.895294
0.545,0.19284335,0.50286657,3.0221663,0.111974195,6.9169617
0.55,0.19387446,0.50093687,3.0224643,0.10684042,6.9407043
0.555,0.19490182,0.49904954,3.0227525,0.10184483,6.9613647
0.56,0.19592553,0.49720517,3.023031,0.0969897,6.9825134
0.5650000000000001,0.19694567,0.49540326,3.0233002,0.09227406,7.003601
0.5700000000000001,0.1979623,0.49364147,3.0235603,0.0876898,7.0233765
0.5750000000000001,0.1989755,0.4919191,3.0238118,0.0832347,7.042877
0.58,0.19998537,0.49023378,3.0240545,0.07890076,7.0610657
0.585,0.20099197,0.48858765,3.0242891,0.07469529,7.0806274
0.59,0.20199536,0.4869754,3.0245156,0.07060097,7.0972595
0.595,0.20299564,0.48539945,3.024734,0.066625744,7.1153564
0.6,0.20399283,0.4838587,3.024945,0.0627659,7.132904
0.605,0.20498703,0.48234928,3.0251486,0.059008643,7.148285
0.61,0.20597832,0.48087275,3.0253448,0.055359237,7.164673
0.615,0.20696673,0.47942838,3.0255342,0.051815674,7.180786
0.62,0.20795232,0.47801372,3.0257168,0.048369348,7.195465
0.625,0.20893516,0.47662812,3.0258927,0.045018442,7.2099
0.63,0.20991531,0.47527215,3.026062,0.041764826,7.2247314
0.635,0.21089283,0.47394514,3.0262253,0.03860634,7.239258
0.64,0.21186775,0.47264332,3.0263824,0.03553063,7.2516785
0.645,0.21284014,0.47136962,3.0265338,0.03254741,7.265869
0.65,0.21381004,0.4701199,3.0266793,0.02964297,7.27771
0.655,0.21477753,0.46889722,3.0268192,0.02682748,7.2914124
0.66,0.21574263,0.46769768,3.0269537,0.024087988,7.302887
0.665,0.2167054,0.4665225,3.0270832,0.021428656,7.315155
0.67,0.21766587,0.46536872,3.0272071,0.018839486,7.325714
0.675,0.2186241,0.46424,3.0273263,0.016333167,7.338562
0.68,0.21958013,0.46313074,3.0274408,0.013890833,7.3481445
0.685,0.22053401,0.46204323,3.0275505,0.011519846,7.35907
0.6900000000000001,0.22148575,0.46097654,3.0276558,0.009217501,7.369568
0.6950000000000001,0.2224354,0.45992795,3.0277565,0.0069748834,7.37854
0.7000000000000001,0.22338302,0.45890164,3.027853,0.0048057213,7.389984
0.705,0.22432862,0.45789155,3.0279453,0.0026900321,7.397949
0.71,0.22527225,0.4569015,3.0280335,0.00064035505,7.4081726
0.715,0.22621398,0.45592862,3.0281177,-0.001352489,7.416809
0.72,0.2271538,0.4549739,3.0281982,-0.0032854937,7.4260254
0.725,0.22809173,0.45403415,3.0282748,-0.0051692277,7.4334106
0.73,0.22902784,0.45311356,3.028348,-0.0069895945,7.443329
0.735,0.22996214,0.45220613,3.0284176,-0.008766647,7.4497375
0.74,0.23089467,0.45131555,3.0284839,-0.0104880035,7.458374
0.745,0.23182546,0.45043907,3.0285468,-0.012162648,7.465454
0.75,0.23275454,0.44957775,3.0286064,-0.013787154,7.473175
0.755,0.23368193,0.44873106,3.0286632,-0.015363291,7.4806213
0.76,0.23460767,0.4478965,3.0287166,-0.016899312,7.4866333
0.765,0.23553178,0.4470778,3.0287673,-0.01838303,7.4948425
0.77,0.23645428,0.4462693,3.028815,-0.019832786,7.499817
0.775,0.2373752,0.44547594,3.02886,-0.021232486,7.5076904
0.78,0.23829457,0.44469306,3.0289023,-0.022597399,7.5128784
0.785,0.2392124,0.44392362,3.028942,-0.023917716,7.5198364
0.79,0.24012871,0.44316402,3.028979,-0.025205446,7.5246887
0.795,0.24104355,0.44241822,3.0290139,-0.026447354,7.5319214
0.8,0.24195692,0.44168067,3.029046,-0.027661927,7.5358887
0.805,0.24286884,0.44095606,3.029076,-0.028833713,7.542633
0.81,0.24377933,0.4402398,3.0291038,-0.029977415,7.5467834
0.8150000000000001,0.24468844,0.4395352,3.0291293,-0.031082371,7.5528564
0.8200000000000001,0.24559616,0.43883955,3.0291526,-0.032157637,7.5573425
0.8250000000000001,0.2465025,0.4381539,3.0291739,-0.03319989,7.562439
0.8300000000000001,0.24740751,0.43747756,3.0291932,-0.03421084,7.5672607
0.835,0.24831118,0.43680978,3.0292106,-0.035193477,7.5715637
0.84,0.24921353,0.43615067,3.029226,-0.036147088,7.5760193
0.845,0.2501146,0.43550014,3.02924,-0.037072085,7.580414
0.85,0.25101438,0.4348569,3.0292516,-0.03797289,7.5840454
0.855,0.25191286,0.4342241,3.0292618,-0.0388388,7.5895996
0.86,0.25281015,0.4335965,3.0292704,-0.039687235,7.5920715
0.865,0.2537062,0.43297744,3.0292773,-0.040507127,7.596527
0.87,0.25460097,0.43236554,3.0292826,-0.041303217,7.6001587
0.875,0.25549456,0.43176144,3.0292864,-0.04207304,7.604248
0.88,0.25638697,0.43116352,3.0292885,-0.04282232,7.6073303
0.885,0.25727817,0.4305736,3.0292895,-0.04354468,7.6115723
0.89,0.2581683,0.42998844,3.0292888,-0.044251252,7.6138306
0.895,0.25905725,0.42941177,3.0292869,-0.044929188,7.618408
0.9,0.259945,0.4288396,3.0292838,-0.045592047,7.620575
0.905,0.26083168,0.42827335,3.0292792,-0.04623493,7.6236267
0.91,0.2617173,0.4277139,3.0292735,-0.046855032,7.6271973
0.915,0.2626017,0.42715943,3.0292666,-0.047458254,7.62973
0.92,0.26348504,0.42661086,3.0292587,-0.048041727,7.632782
0.925,0.2643673,0.42606628,3.0292494,-0.048611656,7.634735
0.93,0.2652485,0.4255292,3.0292392,-0.049156357,7.638794
0.935,0.26612863,0.42499545,3.0292277,-0.04968988,7.6403503
0.9400000000000001,0.26700768,0.42446807,3.0292156,-0.05020192,7.6437683
0.9450000000000001,0.26788568,0.42394307,3.0292022,-0.050705627,7.6448364
0.9500000000000001,0.2687627,0.42342487,3.029188,-0.051186547,7.6484985
0.9550000000000001,0.26963866,0.42291012,3.0291727,-0.05165561,7.650223
0.96,0.27051365,0.42240044,3.0291564,-0.05210758,7.652893
0.965,0.27138758,0.4218949,3.0291395,-0.05254549,7.6550293
0.97,0.27226055,0.42139274,3.0291216,-0.052971926,7.656708
0.975,0.2731325,0.42089543,3.029103,-0.053381775,7.659317
0.98,0.27400345,0.4204011,3.0290835,-0.053781547,7.6607666
0.985,0.27487344,0.41991177,3.0290635,-0.05416422,7.6634827
0.99,0.27574247,0.41942397,3.0290425,-0.054541413,7.6641235
0.995,0.27661055,0.41894186,3.0290208,-0.05489947,7.667221
1.0,0.27747768,0.41846216,3.0289984,-0.055248998,7.6684265
1.0050000000000001,0.27834386,0.41798648,3.0289755,-0.05558498,7.670532
1.01,0.27920908,0.41751269,3.0289516,-0.05591425,7.6714325
1.0150000000000001,0.28007334,0.41704425,3.0289273,-0.056225374,7.6743774
1.02,0.28093666,0.41657725,3.0289025,-0.056531545,7.6749725
1.025,0.28179905,0.4161131,3.028877,-0.05682765,7.676483
1.03,0.28266057,0.4156526,3.028851,-0.057111356,7.678421
1.035,0.28352115,0.41519412,3.0288243,-0.05738792,7.679428
1.04,0.2843808,0.41473967,3.0287971,-0.05765088,7.681595
1.045,0.28523958,0.41428703,3.0287695,-0.057907447,7.68248
1.05,0.2860974,0.41383705,3.0287414,-0.058154725,7.6838837
1.055,0.2869544,0.41338944,3.0287127,-0.058393758,7.6851044
1.06,0.28781047,0.41294426,3.0286837,-0.058624275,7.686386
1.065,0.28866568,0.41250157,3.028654,-0.05884604,7.6877136
1.07,0.28952003,0.41206136,3.0286243,-0.059059378,7.68898
1.075,0.29037344,0.41162202,3.0285938,-0.059269283,7.6893616
1.08,0.29122603,0.41118723,3.028563,-0.059463687,7.69191
1.085,0.29207775,0.4107526,3.028532,-0.059657127,7.691864
1.09,0.29292858,0.41031986,3.0285006,-0.059843794,7.692856
1.095,0.29377854,0.40988982,3.0284686,-0.06002123,7.69429
1.1,0.29462767,0.4094621,3.0284364,-0.060190506,7.6955414
1.105,0.29547596,0.40903544,3.0284038,-0.060355894,7.6960297
1.11,0.29632342,0.40861174,3.028371,-0.060511116,7.697647
1.115,0.29717,0.40818736,3.0283377,-0.060667943,7.697159
1.12,0.29801577,0.40776807,3.0283043,-0.06080758,7.7000427
1.125,0.29886067,0.40734744,3.0282707,-0.060951218,7.699127
1.1300000000000001,0.29970473,0.40692925,3.0282366,-0.06108639,7.7004547
1.135,0.300548,0.40651345,3.0282023,-0.061213173,7.701767
1.1400000000000001,0.3013904,0.40609866,3.028168,-0.06133604,7.702286
1.145,0.302232,0.4056841,3.0281332,-0.061457776,7.702301
1.1500000000000001,0.30307278,0.40527278,3.028098,-0.06156848,7.7041016
1.155,0.30391273,0.40486214,3.0280628,-0.061676405,7.704422
1.16,0.30475184,0.4044532,3.0280275,-0.06177824,7.7053375
1.165,0.30559012,0.4040442,3.027992,-0.06187973,7.7052307
1.17,0.3064276,0.4036372,3.027956,-0.061974473,7.7062683
1.175,0.3072643,0.40323263,3.0279202,-0.062060434,7.707672
1.18,0.3081002,0.40282643,3.027884,-0.062151417,7.706604
1.185,0.30893525,0.4024241,3.0278478,-0.062229164,7.7088165
1.19,0.3097695,0.40202087,3.0278113,-0.06230941,7.708206
1.195,0.31060296,0.40161994,3.0277746,-0.062381685,7.7094727
1.2,0.31143564,0.40122008,3.0277379,-0.062449932,7.710037
1.205,0.31226748,0.4008203,3.027701,-0.0625174,7.710022
1.21,0.31309855,0.40042248,3.027664,-0.06257815,7.711075
1.215,0.31392884,0.40002444,3.0276268,-0.06263897,7.710907
1.22,0.3147583,0.39962837,3.0275896,-0.062692806,7.7120056
1.225,0.31558698,0.39923212,3.0275521,-0.06274672,7.711838
1.23,0.3164149,0.3988379,3.0275147,-0.062793605,7.7129517
1.235,0.317242,0.39844346,3.027477,-0.06284078,7.7127533
1.24,0.31806833,0.39805093,3.0274394,-0.06288111,7.7138367
1.245,0.31889385,0.39765832,3.0274017,-0.0629213,7.7137146
1.25,0.3197186,0.39726627,3.0273638,-0.06295924,7.713974
1.2550000000000001,0.32054257,0.3968759,3.0273259,-0.06299121,7.714905
1.26,0.32136577,0.39648542,3.027288,-0.063022904,7.714813
1.2650000000000001,0.3221882,0.39609554,3.02725,-0.063052244,7.715088
1.27,0.32300982,0.39570597,3.027212,-0.06308022,7.7151947
1.2750000000000001,0.3238307,0.3953182,3.0271738,-0.063101575,7.7162476
1.28,0.32465076,0.3949303,3.0271356,-0.06312324,7.716049
1.285,0.3254701,0.394543,3.0270975,-0.06314233,7.7163696
1.29,0.3262886,0.39415592,3.027059,-0.06316015,7.716461
1.295,0.3271064,0.39377075,3.027021,-0.063171305,7.7175293
1.3,0.32792336,0.393384,3.0269825,-0.06318723,7.7165375
1.305,0.32873958,0.39299977,3.0269442,-0.06319438,7.717972
1.31,0.32955503,0.3926151,3.0269058,-0.063202575,7.7176514
1.315,0.3303697,0.3922312,3.0268674,-0.06320791,7.718033
1.32,0.33118364,0.39184743,3.026829,-0.06321223,7.7180786
1.325,0.33199677,0.39146417,3.0267906,-0.063214466,7.7183228
1.33,0.33280918,0.39108127,3.0267522,-0.06321492,7.718506
1.335,0.3336208,0.3906988,3.0267138,-0.06321364,7.718689
1.34,0.33443165,0.39031667,3.0266755,-0.06321065,7.718857
1.345,0.33524173,0.38993496,3.026637,-0.06320593,7.71904
1.35,0.33605105,0.38955355,3.0265987,-0.063199796,7.719162
1.355,0.33685964,0.38917267,3.0265603,-0.06319156,7.719406
1.36,0.33766744,0.388792,3.026522,-0.06318208,7.7194977
1.365,0.33847448,0.38841185,3.0264835,-0.06317052,7.719742
1.37,0.33928078,0.388032,3.0264452,-0.063157454,7.719879
1.375,0.34008628,0.38765258,3.026407,-0.06314249,7.720093
1.3800000000000001,0.34089106,0.38727224,3.0263686,-0.06313027,7.719467
1.385,0.34169507,0.38689402,3.0263305,-0.063110515,7.720688
1.3900000000000001,0.3424983,0.38651422,3.026292,-0.063095555,7.719696
1.395,0.34330082,0.38613695,3.026254,-0.063071884,7.7211304
1.4000000000000001,0.34410253,0.38575777,3.0262158,-0.063054115,7.71994
1.405,0.3449035,0.38537997,3.0261776,-0.063031346,7.720703
1.41,0.34570375,0.38500205,3.0261397,-0.06300848,7.7205963
1.415,0.3465032,0.38462335,3.0261016,-0.06298767,7.720093
1.42,0.3473019,0.38424692,3.0260637,-0.06295897,7.7213745
1.425,0.3480999,0.38386875,3.0260258,-0.06293568,7.720276
1.43,0.34889707,0.38349175,3.0259879,-0.06290809,7.7209167
1.435,0.3496935,0.3831149,3.02595,-0.06287966,7.720932
1.44,0.35,1.2209639e-05,3.0242963,-1.3297032,7.721115
1.445,0.35,1.415587e-05,3.0216322,-1.3278856,325.54498
1.45,0.35,1.606252e-05,3.0189726,-1.3260392,334.4891
1.455,0.35,1.7962884e-05,3.016318,-1.3241639,343.41605
1.46,0.35,1.9797706e-05,3.013668,-1.3222593,352.32416
1.465,0.35,2.17458e-05,3.0110226,-1.3203253,361.2151
1.47,0.35,2.3628003e-05,3.008382,-1.3183625,370.08868
1.475,0.35,2.5503803e-05,3.0057466,-1.3163702,378.94348
1.48,0.35,2.7373433e-05,3.003116,-1.3143494,387.77942
1.485,0.35,2.935552e-05,3.00049,-1.3122991,396.59735
1.49,0.35,3.1092786e-05,2.9978695,-1.3102207,405.3972
1.495,0.35,3.2942626e-05,2.9952538,-1.3081126,414.17673
1.5,0.35,3.4785946e-05,2.9926434,-1.305975,422.93817
1.5050000000000001,0.35,3.662228e-05,2.9900382,-1.303809,431.67993
1.51,0.35,3.8451748e-05,2.9874382,-1.3016144,440.402
1.5150000000000001,0.35,4.027388e-05,2.9848437,-1.2993902,449.10455
1.52,0.35,4.2089378e-05,2.9822545,-1.2971369,457.78656
1.5250000000000001,0.35,4.389789e-05,2.9796708,-1.2948543,466.44894
1.53,0.35,4.5699184e-05,2.9770925,-1.2925428,475.09082
1.5350000000000001,0.35,4.7493377e-05,2.9745197,-1.2902026,483.71228
1.54,0.35,4.9280352e-05,2.9719524,-1.2878332,492.31326
1.545,0.35,5.1059644e-05,2.9693909,-1.2854358,500.8938
1.55,0.35,5.2828225e-05,2.966835,-1.2830088,509.45312
1.555,0.35,5.459285e-05,2.964285,-1.2805527,517.99115
1.56,0.35,5.635002e-05,2.9617407,-1.2780676,526.5079
1.565,0.35,5.8099395e-05,2.9592023,-1.2755533,535.0025
1.57,0.35,5.9841317e-05,2.9566698,-1.2730104,543.47595
1.575,0.35,6.1575556e-05,2.9541433,-1.2704386,551.92725
1.58,0.35,6.3301646e-05,2.9516227,-1.2678379,560.35657
1.585,0.35,6.5020286e-05,2.9491081,-1.2652079,568.76373
1.59,0.35,6.673089e-05,2.9465995,-1.2625488,577.1488
1.595,0.35,6.8433816e-05,2.9440973,-1.2598614,585.5118
1.6,0.35,7.012859e-05,2.941601,-1.2571442,593.8512
1.605,0.35,7.181533e-05,2.9391112,-1.2543986,602.1684
1.61,0.35,7.349427e-05,2.9366276,-1.2516243,610.462
1.615,0.35,7.516472e-05,2.9341505,-1.2488211,618.73267
1.62,0.35,7.6827244e-05,2.93168,-1.2459891,626.9796
1.625,0.35,7.848116e-05,2.9292157,-1.2431273,635.20215
1.6300000000000001,0.35,8.024613e-05,2.926758,-1.2402371,643.4017
1.635,0.35,8.176442e-05,2.924307,-1.2373188,651.57666
1.6400000000000001,0.35,8.339365e-05,2.9218626,-1.2343713,659.7273
1.645,0.35,8.501427e-05,2.919425,-1.231395,667.85425
1.6500000000000001,0.35,8.662639e-05,2.916994,-1.228389,675.95593
1.655,0.35,8.823001e-05,2.9145703,-1.2253546,684.03296
1.6600000000000001,0.35,8.982455e-05,2.9121532,-1.2222911,692.08386
1.665,0.35,9.141117e-05,2.9097428,-1.2191988,700.1104
1.67,0.35,9.286974e-05,2.9073398,-1.2160786,708.1123
1.675,0.35,9.443867e-05,2.9049437,-1.212929,716.0874
1.68,0.35,9.611796e-05,2.9025548,-1.2097495,724.0372
1.685,0.35,9.766966e-05,2.900173,-1.2065426,731.9607
1.69,0.35,9.920861e-05,2.8977983,-1.2033064,739.8582
1.695,0.35,0.00010074227,2.895431,-1.200041,747.72955
1.7,0.35,0.00010226725,2.8930714,-1.1967479,755.574
1.705,0.35,0.00010378333,2.8907187,-1.1934258,763.39075
1.71,0.35,0.00010529009,2.8883736,-1.1900744,771.1821
1.715,0.35,0.000106788124,2.886036,-1.1866951,778.94574
1.72,0.35,0.0001085159,2.8837059,-1.1832865,786.6825
1.725,0.35,0.000109757355,2.8813832,-1.1798508,794.39136
1.73,0.35,0.00011122861,2.8790686,-1.1763856,802.07367
1.735,0.35,0.00011269061,2.8767614,-1.1728916,809.7265
1.74,0.35,0.00011414342,2.874462,-1.1693691,817.3523
1.745,0.35,0.00011558714,2.8721704,-1.1658177,824.95044
1.75,0.35,0.000117021846,2.8698866,-1.1622373,832.51917
1.7550000000000001,0.35,0.000118447526,2.8676107,-1.1586297,840.0602
1.76,0.35,0.00011986395,2.8653426,-1.1549922,847.5728
1.7650000000000001,0.35,0.00012126763,2.8630826,-1.1513268,855.0567
1.77,0.35,0.00012266578,2.8608308,-1.1476336,862.5112
1.7750000000000001,0.35,0.00012405455,2.8585868,-1.1439118,869.9366
1.78,0.35,0.00012543425,2.8563511,-1.1401608,877.33344
1.7850000000000001,0.35,0.00012680463,2.8541236,-1.1363813,884.7
1.79,0.35,0.00012816559,2.8519044,-1.1325736,892.03723
1.795,0.35,0.00012951734,2.8496935,-1.1287388,899.34436
1.8,0.35,0.00013109826,2.8474913,-1.1248746,906.6214
1.805,0.35,0.00013219303,2.845297,-1.1209828,913.86725
1.81,0.35,0.00013351708,2.8431115,-1.1170627,921.08417
1.815,0.35,0.00013483153,2.8409345,-1.1131147,928.2699
1.82,0.35,0.00013613683,2.838766,-1.1091378,935.42474
1.825,0.35,0.0001374323,2.8366065,-1.1051325,942.5486
1.83,0.35,0.00013871893,2.8344555,-1.1010998,949.64075
1.835,0.35,0.00013999583,2.8323133,-1.097039,956.70197
1.84,0.35,0.0001412633,2.83018,-1.0929507,963.73145
1.845,0.35,0.00014252169,2.8280554,-1.0888336,970.7292
1.85,0.35,0.00014377077,2.82594,-1.0846894,977.6951
1.855,0.35,0.0001450103,2.8238332,-1.0805175,984.6286
1.86,0.35,0.0001462404,2.8217359,-1.0763174,991.53033
1.865,0.35,0.00014769961,2.8196476,-1.0720898,998.3987
1.87,0.35,0.00014867232,2.8175683,-1.0678352,1005.2343
1.875,0.35,0.00014987448,2.8154979,-1.063551,1012.0379
1.8800000000000001,0.35,0.00015106727,2.813437,-1.0592399,1018.8093
1.885,0.35,0.00015225052,2.8113854,-1.0549014,1025.5468
1.8900000000000001,0.35,0.00015342463,2.8093429,-1.050536,1032.2507
1.895,0.35,0.00015458919,2.8073099,-1.0461417,1038.9224
1.9000000000000001,0.35,0.00015574455,2.8052862,-1.041721,1045.5597
1.905,0.35,0.00015689072,2.803272,-1.0372727,1052.1638
1.9100000000000001,0.35,0.00015802734,2.8012674,-1.0327976,1058.7336
1.915,0.35,0.0001591547,2.7992723,-1.0282938,1065.2695
1.92,0.35,0.00016027282,2.7972867,-1.0237647,1071.7711
1.925,0.35,0.00016138179,2.7953107,-1.0192077,1078.2388
1.93,0.35,0.00016248121,2.7933447,-1.0146235,1084.6721
1.935,0.35,0.00016357156,2.7913883,-1.0100121,1091.0698
1.94,0.35,0.00016465277,2.7894416,-1.0053741,1097.4335
1.945,0.35,0.00016572402,2.7875051,-1.0007077,1103.762
1.95,0.35,0.00016678649,2.7855785,-0.99601704,1110.0541
1.955,0.35,0.0001678397,2.7836618,-0.99130034,1116.3114
1.96,0.35,0.00016888359,2.7817552,-0.9865564,1122.533
1.965,0.35,0.00017015706,2.7798586,-0.9817859,1128.7189
1.97,0.35,0.00017094403,2.7779722,-0.97698855,1134.8688
1.975,0.35,0.00017196045,2.7760959,-0.9721648,1140.9825
1.98,0.35,0.00017296779,2.77423,-0.967314,1147.0604
1.985,0.35,0.00017396605,2.7723742,-0.9624382,1153.101
1.99,0.35,0.00017495517,2.7705288,-0.9575357,1159.1058
1.995,0.35,0.00017593533,2.7686937,-0.95260674,1165.0735
2.0,0.35,0.00017690618,2.766869,-0.9476536,1171.0046
2.005,0.35,0.00017786777,2.7650547,-0.9426735,1176.8986
2.0100000000000002,0.35,0.00017882045,2.7632513,-0.93766755,1182.756
2.015,0.35,0.00017976438,2.7614582,-0.9326355,1188.5743
2.02,0.35,0.00018069896,2.7596757,-0.927578,1194.3563
2.025,0.35,0.00018162478,2.757904,-0.9224962,1200.1002
2.0300000000000002,0.35,0.00018254176,2.7561429,-0.91738915,1205.8062
2.035,0.35,0.00018344985,2.7543921,-0.91225487,1211.4747
2.04,0.35,0.0001843491,2.7526526,-0.9070963,1217.1061
2.045,0.35,0.00018523936,2.7509236,-0.90191203,1222.6978
2.05,0.35,0.00018612077,2.7492058,-0.8967028,1228.2522
2.055,0.35,0.00018699342,2.7474988,-0.89146906,1233.7668
2.06,0.35,0.00018785748,2.7458026,-0.8862104,1239.2435
2.065,0.35,0.00018895094,2.7441177,-0.88092685,1244.6815
2.07,0.35,0.00018955895,2.7424436,-0.875621,1250.0796
2.075,0.35,0.00019039662,2.7407808,-0.8702902,1255.44
2.08,0.35,0.0001912255,2.7391293,-0.86493355,1260.7599
2.085,0.35,0.00019204585,2.7374887,-0.8595523,1266.0402
2.09,0.35,0.00019285752,2.7358596,-0.8541466,1271.2814
2.095,0.35,0.00019366064,2.734242,-0.8487189,1276.4823
2.1,0.35,0.00019445509,2.7326355,-0.84326667,1281.6428
2.105,0.35,0.00019524098,2.7310405,-0.83779055,1286.7638
2.11,0.35,0.00019601858,2.7294571,-0.8322908,1291.8445
2.115,0.35,0.0001967873,2.727885,-0.82676667,1296.8838
2.12,0.35,0.00019754804,2.7263246,-0.82122123,1301.8835
2.125,0.35,0.00019830011,2.7247756,-0.81565124,1306.8422
2.13,0.35,0.00019904407,2.723238,-0.81005913,1311.7605
2.1350000000000002,0.35,0.00019977911,2.721712,-0.80444187,1316.6383
2.14,0.35,0.00020050626,2.7201982,-0.798803,1321.4751
2.145,0.35,0.00020122525,2.7186956,-0.79314244,1326.2698
2.15,0.35,0.00020193584,2.7172048,-0.7874603,1331.0243
2.1550000000000002,0.35,0.00020287663,2.715726,-0.7817543,1335.7378
2.16,0.35,0.00020332479,2.714259,-0.7760266,1340.4089
2.165,0.35,0.00020401097,2.7128036,-0.7702753,1345.0387
2.17,0.35,0.00020468901,2.7113602,-0.7645024,1349.627
2.1750000000000003,0.35,0.00020535899,2.709929,-0.7587087,1354.1733
2.18,0.35,0.00020602084,2.7085097,-0.7528934,1358.6772
2.185,0.35,0.00020667448,2.7071025,-0.7470569,1363.139
2.19,0.35,0.00020732045,2.7057076,-0.7411987,1367.5582
2.195,0.35,0.00020795826,2.7043247,-0.7353193,1371.9349
2.2,0.35,0.00020858826,2.7029538,-0.7294178,1376.2687
2.205,0.35,0.00020921044,2.701595,-0.72349674,1380.5608
2.21,0.35,0.00020982462,2.7002487,-0.7175552,1384.81
2.215,0.35,0.00021043116,2.6989145,-0.7115924,1389.0161
2.22,0.35,0.00021102962,2.697593,-0.7056092,1393.1792
2.225,0.35,0.00021162035,2.6962838,-0.6996052,1397.2983
2.23,0.35,0.00021220361,2.6949868,-0.6935821,1401.3739
2.235,0.35,0.00021277882,2.6937027,-0.6875399,1405.407
2.24,0.35,0.00021334668,2.6924307,-0.68147796,1409.395
2.245,0.35,0.00021390675,2.6911716,-0.67539656,1413.3406
2.25,0.35,0.00021445929,2.689925,-0.6692945,1417.2411
2.255,0.35,0.00021500408,2.6886911,-0.66317374,1421.0981
2.2600000000000002,0.35,0.00021554135,2.68747,-0.6570343,1424.9103
2.265,0.35,0.00021607142,2.6862612,-0.65087676,1428.6782
2.27,0.35,0.0002165938,2.6850655,-0.64470017,1432.403
2.275,0.35,0.0002171091,2.6838825,-0.63850534,1436.0818
2.2800000000000002,0.35,0.00021761669,2.6827123,-0.63229316,1439.7166
2.285,0.35,0.00021811681,2.681555,-0.6260607,1443.3066
2.29,0.35,0.00021861005,2.6804104,-0.61981195,1446.8514
2.295,0.35,0.00021933418,2.6792789,-0.61354506,1450.3524
2.3000000000000003,0.35,0.00021957465,2.6781597,-0.6072623,1453.8075
2.305,0.35,0.0002200462,2.6770537,-0.6009612,1457.2197
2.31,0.35,0.00022074906,2.67596,-0.5946442,1460.5859
2.315,0.35,0.00022072965,2.6748796,-0.58831024,1463.909
2.32,0.35,0.00022165693,2.673812,-0.5819575,1467.1869
2.325,0.35,0.00022210035,2.672757,-0.57559013,1470.4192
2.33,0.35,0.00022253691,2.6717148,-0.5692057,1473.6078
2.335,0.35,0.00022296634,2.6706858,-0.5628053,1476.7517
2.34,0.35,0.00022291247,2.6696696,-0.5563903,1479.85
2.345,0.35,0.00022380528,2.6686666,-0.5499564,1482.9038
2.35,0.35,0.00022373746,2.6676764,-0.5435107,1485.9114
2.355,0.35,0.0002241398,2.6666994,-0.5370469,1488.8749
2.36,0.35,0.00022501206,2.6657352,-0.53056884,1491.7925
2.365,0.35,0.00022540084,2.6647844,-0.52407706,1494.6652
2.37,0.35,0.00022578312,2.6638467,-0.51757044,1497.4918
2.375,0.35,0.00022592023,2.662922,-0.51104844,1500.273
2.38,0.35,0.0002262888,2.6620104,-0.50451374,1503.0094
2.3850000000000002,0.35,0.00022712821,2.6611123,-0.49796355,1505.6997
2.39,0.35,0.00022700704,2.6602273,-0.49140388,1508.3433
2.395,0.35,0.0002273559,2.6593554,-0.48482803,1510.9421
2.4,0.35,0.000227699,2.6584969,-0.47823912,1513.4952
2.4050000000000002,0.35,0.00022803512,2.6576517,-0.4716375,1516.0022
2.41,0.35,0.0002283648,2.6568198,-0.46502197,1518.4628
2.415,0.35,0.00022868827,2.656001,-0.4583937,1520.8772
2.42,0.35,0.00022948222,2.655196,-0.45175275,1523.2462
2.4250000000000003,0.35,0.00022979261,2.6544042,-0.44510242,1525.5679
2.43,0.35,0.00022962037,2.6536257,-0.43844083,1527.844
2.435,0.35,0.00022991824,2.6528609,-0.43176472,1530.0742
2.44,0.35,0.00023021013,2.6521094,-0.42507738,1532.2571
2.445,0.35,0.00023049566,2.6513712,-0.41837984,1534.3938
2.45,0.35,0.00023077473,2.6506467,-0.41167122,1536.4844
2.455,0.35,0.00023104798,2.6499357,-0.40495196,1538.5282
2.46,0.35,0.00023131484,2.649238,-0.39822224,1540.525
2.465,0.35,0.0002315758,2.648554,-0.39148185,1542.476
2.47,0.35,0.0002318304,2.6478837,-0.38473046,1544.3799
2.475,0.35,0.00023207917,2.6472268,-0.37797,1546.2369
2.48,0.35,0.00023232141,2.6465836,-0.37120014,1548.0472
2.485,0.35,0.00023255806,2.6459541,-0.3644198,1549.8108
2.49,0.35,0.00023278852,2.645338,-0.35763144,1551.5266
2.495,0.35,0.00023301307,2.6447358,-0.3508346,1553.1965
2.5,0.35,0.00023323152,2.644147,-0.34402937,1554.8188
2.505,0.35,0.00023344433,2.643572,-0.33721623,1556.3954
2.5100000000000002,0.35,0.00023365114,2.6430106,-0.33039403,1557.9236
2.515,0.35,0.00023385197,2.6424632,-0.32356417,1559.4056
2.52,0.35,0.00023404704,2.6419291,-0.31672677,1560.8396
2.525,0.35,0.00023423618,2.641409,-0.30988112,1562.2275
2.5300000000000002,0.35,0.00023441938,2.6409025,-0.30303,1563.5681
2.535,0.35,0.00023459719,2.64041,-0.29617208,1564.8611
2.54,0.35,0.00023476884,2.639931,-0.2893083,1566.1067
2.545,0.35,0.0002349349,2.6394658,-0.28243768,1567.3058
2.5500000000000003,0.35,0.00023509498,2.6390142,-0.27556044,1568.4575
2.555,0.35,0.00023572624,2.6385767,-0.26867622,1569.5625
2.56,0.35,0.00023539815,2.638153,-0.26179016,1570.619
2.565,0.35,0.00023554143,2.637743,-0.2548963,1571.6289
2.57,0.35,0.00023567886,2.6373467,-0.24799687,1572.5918
2.575,0.35,0.00023581058,2.6369646,-0.24109393,1573.5073
2.58,0.35,0.00023593669,2.636596,-0.23418486,1574.3748
2.585,0.35,0.0002360573,2.6362414,-0.22727193,1575.1957
2.59,0.35,0.00029983258,2.6359005,-0.22016978,1575.9686
2.595,0.35,0.00023628172,2.6355734,-0.21343464,1576.6447
2.6,0.35,0.00023638515,2.6352603,-0.20651124,1577.374
2.605,0.35,0.00023648365,2.6349611,-0.19958527,1578.0051
2.61,0.35,0.0003002067,2.6346757,-0.19247016,1578.5892
2.615,0.35,0.00023666308,2.6344042,-0.18572184,1579.0754
2.62,0.35,0.00030036256,2.6341467,-0.1786016,1579.6152
2.625,0.35,0.000236821,2.6339028,-0.17184958,1580.0065
2.63,0.35,0.00030049754,2.633673,-0.16472626,1580.4519
2.6350000000000002,0.35,0.00023695664,2.633457,-0.1579711,1580.7489
2.64,0.35,0.0003006123,2.6332548,-0.15084393,1581.0994
2.645,0.35,0.0003006618,2.6330664,-0.14390141,1581.3021
2.65,0.35,0.00030070613,2.6328921,-0.13695799,1581.5079
2.6550000000000002,0.35,0.00023716246,2.6327314,-0.13019985,1581.666
2.66,0.35,0.00030125698,2.6325848,-0.12306914,1581.8282
2.665,0.35,0.00030080962,2.632452,-0.116126895,1581.8416
2.67,0.35,0.00030083366,2.6323333,-0.10918362,1581.8589
2.6750000000000003,0.35,0.000300853,2.6322281,-0.102241024,1581.8281
2.68,0.35,0.00030086713,2.6321368,-0.09529769,1581.7512
2.685,0.35,0.000300876,2.6320596,-0.08835502,1581.6271
2.69,0.35,0.00030088035,2.6319962,-0.08141579,1581.4552
2.695,0.35,0.0003008794,2.6319466,-0.07447724,1581.2367
2.7,0.35,0.0003013503,2.6319106,-0.06753941,1580.971
2.705,0.35,0.00030086245,2.6318886,-0.060605057,1580.6589
2.71,0.35,0.00030084656,2.6318805,-0.053671453,1580.2998
2.715,0.35,0.00030082534,2.6318862,-0.04674076,1579.8936
2.72,0.35,0.00030079944,2.6319056,-0.039812617,1579.4403
2.725,0.35,0.0003007685,2.631939,-0.03288902,1578.941
2.73,0.35,0.00030073232,2.6319861,-0.02596844,1578.3943
2.735,0.35,0.00030069135,2.6320472,-0.019050827,1577.8007
2.74,0.35,0.0003006453,2.6321218,-0.01213818,1577.1603
2.745,0.35,0.000300594,2.6322103,-0.0052290335,1576.4739
2.75,0.35,0.0003005382,2.6323125,0.0016763434,1575.7407
2.755,0.35,0.000300477,2.6324284,0.008575644,1574.9608
2.7600000000000002,0.35,0.0003004111,2.632558,0.015470695,1574.135
2.765,0.35,0.00030033995,2.6327016,0.022359772,1573.2625
2.77,0.35,0.00030026387,2.6328588,0.029244132,1572.3434
2.775,0.35,0.00030018282,2.6330295,0.036122605,1571.3782
2.7800000000000002,0.35,0.00030009664,2.633214,0.042995248,1570.3673
2.785,0.35,0.00030000572,2.6334124,0.049859725,1569.3097
2.79,0.35,0.0002999095,2.633624,0.056719467,1568.2057
2.795,0.35,0.00029980834,2.6338496,0.06357287,1567.0565
2.8000000000000003,0.35,0.00029970208,2.6340888,0.07041873,1565.8607
2.805,0.35,0.00029959084,2.6343415,0.07725793,1564.6191
2.81,0.35,0.00029947475,2.6346078,0.08408942,1563.3319
2.815,0.35,0.00029935347,2.6348877,0.090913326,1561.9988
2.82,0.35,0.00029922725,2.635181,0.09772786,1560.62
2.825,0.35,0.00029909596,2.635488,0.10453467,1559.1964
2.83,0.35,0.00029895923,2.6358085,0.111333996,1557.7263
